MAE,MSE,RMSE,R2_Score,Accuracy_10%,Accuracy_20%,Accuracy_30%
2313.985579261516,11987220.742819695,3462.2565969060834,-3434.8276014451353,0.0,0.0,0.0
