Model,R2_Score,MAE_Lakhs,RMSE_Lakhs,Accuracy_20%
Random Forest,-0.05424255651110599,1293.4216666666669,2045.354164969562,0.0
