MAE,MSE,RMSE,R2_Score,Accuracy_10%,Accuracy_20%,Accuracy_30%
27.331907908121746,1111.4610516395235,33.33858202802758,0.06787033827929811,33.33333333333333,33.33333333333333,33.33333333333333
