Actual_Total_Cost_Lakhs,Pred_Total_Cost_Lakhs,Built_up_area
100.0,24.479364990234377,7800.0
8500.0,3.3748810119628905,5200.0
20.000000000000004,0.15674932098388672,1300.0
